{
  "users": {
    "6282287219167@s.whatsapp.net": {
      "afkTime": -1,
      "afkReason": "",
      "limit": "Infinity"
    },
    "6282239723500@s.whatsapp.net": {
      "afkTime": -1,
      "afkReason": "",
      "limit": 25
    },
    "6283150003213@s.whatsapp.net": {
      "afkTime": -1,
      "afkReason": "",
      "limit": 25
    },
    "6285649005534@s.whatsapp.net": {
      "afkTime": -1,
      "afkReason": "",
      "limit": 25
    },
    "6281805450249@s.whatsapp.net": {
      "afkTime": -1,
      "afkReason": "",
      "limit": 25
    },
    "62895612153565@s.whatsapp.net": {
      "afkTime": -1,
      "afkReason": "",
      "limit": 25
    },
    "6285274000620@s.whatsapp.net": {
      "afkTime": -1,
      "afkReason": "",
      "limit": 25
    },
    "6282268435203@s.whatsapp.net": {
      "afkTime": -1,
      "afkReason": "",
      "limit": 25
    },
    "687869415@s.whatsapp.net": {
      "afkTime": -1,
      "afkReason": "",
      "limit": 25
    },
    "60107606230@s.whatsapp.net": {
      "afkTime": -1,
      "afkReason": "",
      "limit": 25
    },
    "6288215570884@s.whatsapp.net": {
      "afkTime": -1,
      "afkReason": "",
      "limit": 25
    },
    "6287768886148@s.whatsapp.net": {
      "afkTime": -1,
      "afkReason": "",
      "limit": 25
    },
    "6281373032841@s.whatsapp.net": {
      "afkTime": -1,
      "afkReason": "",
      "limit": 25
    },
    "6285387682990@s.whatsapp.net": {
      "afkTime": -1,
      "afkReason": "",
      "limit": 25
    }
  },
  "chats": {
    "6282287219167@s.whatsapp.net": {
      "mute": false,
      "antilink": false
    },
    "6282273584601-1628162702@g.us": {
      "mute": false,
      "antilink": false
    },
    "120363018441182758@g.us": {
      "mute": false,
      "antilink": false
    },
    "62895612153565-1626116275@g.us": {
      "mute": false,
      "antilink": false
    },
    "120363047273330788@g.us": {
      "mute": false,
      "antilink": false
    },
    "120363030125777647@g.us": {
      "mute": false,
      "antilink": false
    },
    "6281373032841@s.whatsapp.net": {
      "mute": false,
      "antilink": false
    }
  },
  "database": {},
  "game": {
    "tebaklagu": [],
    "family100": [],
    "math": [],
    "tebakgambar": [],
    "tebakkata": [],
    "lontong": [],
    "lontong_desk": [],
    "kalimat": [],
    "lirik": [],
    "tebakan": []
  },
  "settings": {
    "66801944580@s.whatsapp.net": {
      "status": 0,
      "autobio": false,
      "templateImage": true,
      "templateVideo": false,
      "templateGif": false,
      "templateMsg": false
    }
  },
  "others": {
    "vote": []
  },
  "sticker": {}
}